<hazelcast xmlns:xsi="http://www.w3.org/2001/XMLSchema-instance"
           xsi:schemaLocation="http://www.hazelcast.com/schema/config
                               http://www.hazelcast.com/schema/config/hazelcast-config-3.11.xsd"
           xmlns="http://www.hazelcast.com/schema/config">


 	<group>
		<name>dev</name>
	</group>
	     
    <license-key>
		ENTERPRISE_HD#3Nodes#au5UH067jNrfKmEVwIAOFJSbTk1ly1699013110911001013210001020001
	</license-key>

	<management-center enabled="true">http://localhost:8080/hazelcast-mancenter
	</management-center>
	
    <map name="personMap">
        <map-store enabled="true">
            <class-name>jdbc.PersonMapStore</class-name>
        </map-store>
    </map>
    <map name="testMap">
        <map-store enabled="true">
            <class-name>jdbc.PersonMapStore</class-name>
        </map-store>
    </map>
</hazelcast>
